<application>
  <component name="AppStorage">
    <option name="newTranslationDialogWidth" value="594" />
    <option name="newTranslationDialogX" value="2543" />
    <option name="newTranslationDialogY" value="349" />
    <histories>
      <item value="Warning:(66, 20) Variable 'a' initializer '&quot;aaa&quot;' is redundant" />
      <item value="Returns a canonical representation for the string object. &lt;p&gt; A pool of strings, initially empty, is maintained privately by the class {@code String}. &lt;p&gt; When the intern method is invoked, if the pool already contains a string equal to this {@code String} object as determined by the {@link equals(Object)} method, then the string from the pool is returned. Otherwise, this {@code String} object is added to the pool and a reference to this {@code String} object is returned. &lt;p&gt; It follows that for any two strings {@code s} and {@code t}, {@code s.intern() == t.intern()} is {@code true} if and only if {@code s.equals(t)} is {@code true}. &lt;p&gt; All literal strings and string-valued constant expressions are interned. String literals are defined in section 3.10.5 of the &lt;cite&gt;The Java&amp;trade; Language Specification&lt;cite&gt;. @return a string that has the same contents as this string, but is guaranteed to be from a pool of unique strings." />
      <item value="VM might invoke JNU_NewStringPlatform() to set those encoding sensitive properties (user.home, user.name, boot.class.path, etc.) during &quot;props&quot; initialization, in which it may need access, via System.getProperty(), to the related system encoding property that have been initialized (put into &quot;props&quot;) at early stage of the initialization. So make sure the &quot;props&quot; is available at the very beginning of the initialization and all system properties to be put into it directly." />
      <item value="There are certain system configurations that may be controlled by VM options such as the maximum amount of direct memory and Integer cache size used to support the object identity semantics of autoboxing. Typically, the library will obtain these values from the properties set by the VM. If the properties are for internal implementation use only, these properties should be removed from the system properties. See java.lang.Integer.IntegerCache and the sun.misc.VM.saveAndRemoveProperties method for example. Save a private copy of the system properties object that can only be accessed by the internal implementation. Remove certain system properties that are not intended for public access." />
      <item value="DEBUG CP URL CHECK" />
      <item value="The stack of unopened URLs" />
      <item value="Synchronization is not required here. All synchronization for adding a new Logger object is handled by LogManager.addLogger(). @CallerSensitive" />
      <item value="Copyright (c) 2016, Oracle andor its affiliates. All rights reserved. DO NOT ALTER OR REMOVE COPYRIGHT NOTICES OR THIS FILE HEADER. This code is free software; you can redistribute it andor modify it under the terms of the GNU General Public License version 2 only, as published by the Free Software Foundation. Oracle designates this particular file as subject to the &quot;Classpath&quot; exception as provided by Oracle in the LICENSE file that accompanied this code. This code is distributed in the hope that it will be useful, but WITHOUT ANY WARRANTY; without even the implied warranty of MERCHANTABILITY or FITNESS FOR A PARTICULAR PURPOSE. See the GNU General Public License version 2 for more details (a copy is included in the LICENSE file that accompanied this code). You should have received a copy of the GNU General Public License version 2 along with this work; if not, write to the Free Software Foundation, Inc., 51 Franklin St, Fifth Floor, Boston, MA 02110-1301 USA. Please contact Oracle, 500 Oracle Parkway, Redwood Shores, CA 94065 USA or visit www.oracle.com if you need additional information or have any questions." />
      <item value="Copyright (c) 1994, 2020, Oracle andor its affiliates. All rights reserved. DO NOT ALTER OR REMOVE COPYRIGHT NOTICES OR THIS FILE HEADER. This code is free software; you can redistribute it andor modify it under the terms of the GNU General Public License version 2 only, as published by the Free Software Foundation. Oracle designates this particular file as subject to the &quot;Classpath&quot; exception as provided by Oracle in the LICENSE file that accompanied this code. This code is distributed in the hope that it will be useful, but WITHOUT ANY WARRANTY; without even the implied warranty of MERCHANTABILITY or FITNESS FOR A PARTICULAR PURPOSE. See the GNU General Public License version 2 for more details (a copy is included in the LICENSE file that accompanied this code). You should have received a copy of the GNU General Public License version 2 along with this work; if not, write to the Free Software Foundation, Inc., 51 Franklin St, Fifth Floor, Boston, MA 02110-1301 USA. Please contact Oracle, 500 Oracle Parkway, Redwood Shores, CA 94065 USA or visit www.oracle.com if you need additional information or have any questions." />
      <item value="11" />
    </histories>
    <option name="languageScores">
      <map>
        <entry key="CHINESE" value="10" />
        <entry key="ENGLISH" value="11" />
      </map>
    </option>
  </component>
  <component name="Cache">
    <option name="lastTrimTime" value="1670917323262" />
  </component>
  <component name="Settings">
    <option name="aliTranslateSettings">
      <app-key>
        <option name="appId" value="LTAI5tRhyVbpfHP7Y7ncrgsb" />
      </app-key>
    </option>
    <option name="phoneticFontFamily" value="Microsoft YaHei UI" />
    <option name="primaryFontFamily" value="Microsoft YaHei UI" />
    <option name="showExplanation" value="true" />
    <option name="showWordsOnStartup" value="true" />
    <option name="targetLanguageSelection" value="PRIMARY_LANGUAGE" />
    <option name="youdaoTranslateSettings">
      <youdao-translate>
        <option name="appId" value="18853688f07428ba" />
      </youdao-translate>
    </option>
  </component>
</application>